﻿<?xml version="1.0" encoding="utf-8"?>
<Defs>

    <!-- ============================ Halo Magnum ========================== -->

    <ThingDef ParentName="BaseHumanMakeableGun">
        <defName>HUA_Gun_AdvancedMagnum</defName>
        <label>advanced pistol</label>
        <description>An advanced blowback-operated self-loading pistol. It lacks stopping power and range, but does a high amount of damage.</description>
        <graphicData>
            <texPath>Things/Item/Equipment/WeaponRanged/HaloMagnum</texPath>
            <graphicClass>Graphic_Single</graphicClass>
        </graphicData>
        <uiIconScale>1.5</uiIconScale>
        <soundInteract>Interact_Autopistol</soundInteract>
        <recipeMaker>
            <researchPrerequisite>BlowbackOperation</researchPrerequisite>
            <skillRequirements>
                <Crafting>4</Crafting>
            </skillRequirements>
        </recipeMaker>
        <weaponTags>
            <li>SimpleGun</li>
            <li>HUA_Gun</li>
        </weaponTags>
        <statBases>
            <WorkToMake>5000</WorkToMake>
            <Mass>1.2</Mass>
            <AccuracyTouch>0.80</AccuracyTouch>
            <AccuracyShort>0.70</AccuracyShort>
            <AccuracyMedium>0.40</AccuracyMedium>
            <AccuracyLong>0.30</AccuracyLong>
            <RangedWeapon_Cooldown>1</RangedWeapon_Cooldown>
        </statBases>
        <costList>
            <Steel>30</Steel>
            <ComponentIndustrial>2</ComponentIndustrial>
        </costList>
        <verbs>
            <li>
                <verbClass>Verb_Shoot</verbClass>
                <hasStandardCommand>true</hasStandardCommand>
                <defaultProjectile>HUA_Bullet_AdvancedMagnum</defaultProjectile>
                <warmupTime>0.6</warmupTime>
                <range>23.9</range>
				<ticksBetweenBurstShots>15</ticksBetweenBurstShots>
				<burstShotCount>3</burstShotCount>
                <soundCast>Shot_Revolver</soundCast>
                <soundCastTail>GunTail_Medium</soundCastTail>
                <muzzleFlashScale>9</muzzleFlashScale>
            </li>
        </verbs>
        <tools>
            <li>
                <label>grip</label>
                <capacities>
                    <li>Blunt</li>
                </capacities>
                <power>9</power>
                <cooldownTime>2</cooldownTime>
            </li>
            <li>
                <label>barrel</label>
                <capacities>
                    <li>Blunt</li>
                    <li>Poke</li>
                </capacities>
                <power>9</power>
                <cooldownTime>2</cooldownTime>
            </li>
        </tools>
    </ThingDef>

    <ThingDef ParentName="BaseBullet">
        <defName>HUA_Bullet_AdvancedMagnum</defName>
        <label>advanced bullet</label>
        <graphicData>
            <texPath>Things/Projectile/Bullet_Small</texPath>
            <graphicClass>Graphic_Single</graphicClass>
        </graphicData>
        <projectile>
            <damageDef>Bullet</damageDef>
            <damageAmountBase>8</damageAmountBase>
            <speed>60</speed>
        </projectile>
    </ThingDef>

    <!-- ============================ Halo Assault Rifle ========================== -->

    <ThingDef ParentName="BaseHumanMakeableGun">
        <defName>HUA_Gun_AdvancedAssaultRifle</defName>
        <label>advanced assault rifle</label>
        <description>An advanced gas-operated assault rifle for urban and boarding combat. What it lacks in accuracy, it makes up with damage and bullets fired.</description>
        <techLevel>Spacer</techLevel>
        <graphicData>
            <texPath>Things/Item/Equipment/WeaponRanged/HaloAssaultRifle</texPath>
            <graphicClass>Graphic_Single</graphicClass>
        </graphicData>
        <soundInteract>Interact_Rifle</soundInteract>
        <statBases>
            <WorkToMake>48000</WorkToMake>
            <Mass>4.0</Mass>
            <AccuracyTouch>0.75</AccuracyTouch>
            <AccuracyShort>0.64</AccuracyShort>
            <AccuracyMedium>0.45</AccuracyMedium>
            <AccuracyLong>0.35</AccuracyLong>
            <RangedWeapon_Cooldown>2.30</RangedWeapon_Cooldown>
        </statBases>
        <equippedAngleOffset>45</equippedAngleOffset>
        <recipeMaker>
            <researchPrerequisite>PrecisionRifling</researchPrerequisite>
            <skillRequirements>
                <Crafting>6</Crafting>
            </skillRequirements>
            <recipeUsers Inherit="False">
                <li>FabricationBench</li>
            </recipeUsers>
        </recipeMaker>
        <thingSetMakerTags>
            <li>RewardStandardQualitySuper</li>
        </thingSetMakerTags>
        <costList>
            <Steel>75</Steel>
            <ComponentIndustrial>8</ComponentIndustrial>
        </costList>
        <weaponTags>
            <li>IndustrialGunAdvanced</li>
            <li>HUA_Gun</li>
        </weaponTags>
        <verbs>
            <li>
                <verbClass>Verb_Shoot</verbClass>
                <hasStandardCommand>true</hasStandardCommand>
                <defaultProjectile>HUA_Bullet_AdvancedAssaultRifle</defaultProjectile>
                <warmupTime>1.0</warmupTime>
                <range>26.9</range>
                <ticksBetweenBurstShots>10</ticksBetweenBurstShots>
                <burstShotCount>5</burstShotCount>
                <soundCast>Shot_AssaultRifle</soundCast>
                <soundCastTail>GunTail_Medium</soundCastTail>
                <muzzleFlashScale>9</muzzleFlashScale>
            </li>
        </verbs>
        <tools>
            <li>
                <label>stock</label>
                <capacities>
                    <li>Blunt</li>
                </capacities>
                <power>9</power>
                <cooldownTime>2</cooldownTime>
            </li>
            <li>
                <label>barrel</label>
                <capacities>
                    <li>Blunt</li>
                    <li>Poke</li>
                </capacities>
                <power>9</power>
                <cooldownTime>2</cooldownTime>
            </li>
        </tools>
    </ThingDef>

    <ThingDef ParentName="BaseBullet">
        <defName>HUA_Bullet_AdvancedAssaultRifle</defName>
        <label>advanced rifle bullet</label>
        <graphicData>
            <texPath>Things/Projectile/Bullet_Small</texPath>
            <graphicClass>Graphic_Single</graphicClass>
        </graphicData>
        <projectile>
            <damageDef>Bullet</damageDef>
            <damageAmountBase>12</damageAmountBase>
            <speed>72</speed>
        </projectile>
    </ThingDef>

    <!-- ============================ Halo Battle Rifle ========================== -->

    <ThingDef ParentName="BaseHumanMakeableGun">
        <defName>HUA_Gun_AdvancedBattleRifle</defName>
        <label>advanced battle rifle</label>
        <description>An advanced battle rifle shooting three bullet bursts. It has good range, damage and armour penetration.</description>
        <techLevel>Spacer</techLevel>
        <graphicData>
            <texPath>Things/Item/Equipment/WeaponRanged/HaloBattleRifle</texPath>
            <graphicClass>Graphic_Single</graphicClass>
        </graphicData>
        <soundInteract>Interact_Rifle</soundInteract>
        <statBases>
            <WorkToMake>44000</WorkToMake>
            <Mass>4.2</Mass>
            <AccuracyTouch>0.64</AccuracyTouch>
            <AccuracyShort>0.75</AccuracyShort>
            <AccuracyMedium>0.85</AccuracyMedium>
            <AccuracyLong>0.75</AccuracyLong>
            <RangedWeapon_Cooldown>1.6</RangedWeapon_Cooldown>
        </statBases>
        <equippedAngleOffset>45</equippedAngleOffset>
        <recipeMaker>
            <researchPrerequisite>PrecisionRifling</researchPrerequisite>
            <skillRequirements>
                <Crafting>7</Crafting>
            </skillRequirements>
            <recipeUsers Inherit="False">
                <li>FabricationBench</li>
            </recipeUsers>
        </recipeMaker>
        <thingSetMakerTags>
            <li>RewardStandardQualitySuper</li>
        </thingSetMakerTags>
        <costList>
            <Steel>80</Steel>
            <ComponentSpacer>8</ComponentSpacer>
        </costList>
        <weaponTags>
            <li>IndustrialGunAdvanced</li>
            <li>HUA_Gun</li>
        </weaponTags>
        <verbs>
            <li>
                <verbClass>Verb_Shoot</verbClass>
                <hasStandardCommand>true</hasStandardCommand>
                <defaultProjectile>HUA_Bullet_AdvancedBattleRifle</defaultProjectile>
                <warmupTime>1.5</warmupTime>
                <range>36.9</range>
                <ticksBetweenBurstShots>2</ticksBetweenBurstShots>
                <burstShotCount>3</burstShotCount>
                <soundCast>Shot_AssaultRifle</soundCast>
                <soundCastTail>GunTail_Medium</soundCastTail>
                <muzzleFlashScale>9</muzzleFlashScale>
            </li>
        </verbs>
        <tools>
            <li>
                <label>stock</label>
                <capacities>
                    <li>Blunt</li>
                </capacities>
                <power>9</power>
                <cooldownTime>2</cooldownTime>
            </li>
            <li>
                <label>barrel</label>
                <capacities>
                    <li>Blunt</li>
                    <li>Poke</li>
                </capacities>
                <power>9</power>
                <cooldownTime>2</cooldownTime>
            </li>
            <li>
                <label>grip</label>
                <capacities>
                    <li>Blunt</li>
                </capacities>
                <power>7</power>
                <cooldownTime>2</cooldownTime>
            </li>
        </tools>
    </ThingDef>

    <ThingDef ParentName="BaseBullet">
        <defName>HUA_Bullet_AdvancedBattleRifle</defName>
        <label>advanced rifle bullet</label>
        <graphicData>
            <texPath>Things/Projectile/Bullet_Small</texPath>
            <graphicClass>Graphic_Single</graphicClass>
        </graphicData>
        <projectile>
            <damageDef>Bullet</damageDef>
            <damageAmountBase>14</damageAmountBase>
            <armorPenetrationBase>0.25</armorPenetrationBase>
            <speed>70</speed>
            <stoppingPower>1.0</stoppingPower>
        </projectile>
    </ThingDef>

    <!-- ============================ Halo DMR ========================== -->

    <ThingDef ParentName="BaseHumanMakeableGun">
        <defName>HUA_Gun_AdvancedDMR</defName>
        <label>advanced marksman rifle</label>
        <description>An advanced marksman rifle shooting with exceptionally long range, great accuracy and good power. It files both the role of a combat and sniper rifle.</description>
        <techLevel>Spacer</techLevel>
        <graphicData>
            <texPath>Things/Item/Equipment/WeaponRanged/HaloDMR</texPath>
            <graphicClass>Graphic_Single</graphicClass>
        </graphicData>
        <soundInteract>Interact_Rifle</soundInteract>
        <statBases>
            <WorkToMake>42000</WorkToMake>
            <Mass>4.0</Mass>
            <AccuracyTouch>0.66</AccuracyTouch>
            <AccuracyShort>0.83</AccuracyShort>
            <AccuracyMedium>0.90</AccuracyMedium>
            <AccuracyLong>0.90</AccuracyLong>
            <RangedWeapon_Cooldown>1.20</RangedWeapon_Cooldown>
        </statBases>
        <equippedAngleOffset>45</equippedAngleOffset>
        <recipeMaker>
            <researchPrerequisite>PrecisionRifling</researchPrerequisite>
            <skillRequirements>
                <Crafting>7</Crafting>
            </skillRequirements>
            <recipeUsers Inherit="False">
                <li>FabricationBench</li>
            </recipeUsers>
        </recipeMaker>
        <thingSetMakerTags>
            <li>RewardStandardQualitySuper</li>
        </thingSetMakerTags>
        <costList>
            <Steel>75</Steel>
            <ComponentSpacer>8</ComponentSpacer>
        </costList>
        <weaponTags>
            <li>IndustrialGunAdvanced</li>
            <li>HUA_Gun</li>
        </weaponTags>
        <verbs>
            <li>
                <verbClass>Verb_Shoot</verbClass>
                <hasStandardCommand>true</hasStandardCommand>
                <defaultProjectile>HUA_Bullet_AdvancedDMR</defaultProjectile>
                <warmupTime>1.9</warmupTime>
                <range>38.9</range>
                <ticksBetweenBurstShots>22</ticksBetweenBurstShots>
				<soundCast>Shot_BoltActionRifle</soundCast>
                <soundCastTail>GunTail_Medium</soundCastTail>
                <muzzleFlashScale>9</muzzleFlashScale>
            </li>
        </verbs>
        <tools>
            <li>
                <label>stock</label>
                <capacities>
                    <li>Blunt</li>
                </capacities>
                <power>9</power>
                <cooldownTime>2</cooldownTime>
            </li>
            <li>
                <label>barrel</label>
                <capacities>
                    <li>Blunt</li>
                    <li>Poke</li>
                </capacities>
                <power>9</power>
                <cooldownTime>2</cooldownTime>
            </li>
            <li>
                <label>grip</label>
                <capacities>
                    <li>Blunt</li>
                </capacities>
                <power>7</power>
                <cooldownTime>2</cooldownTime>
            </li>
        </tools>
    </ThingDef>

    <ThingDef ParentName="BaseBullet">
        <defName>HUA_Bullet_AdvancedDMR</defName>
        <label>advanced rifle bullet</label>
        <graphicData>
            <texPath>Things/Projectile/Bullet_big</texPath>
            <graphicClass>Graphic_Single</graphicClass>
        </graphicData>
        <projectile>
            <damageDef>Bullet</damageDef>
            <damageAmountBase>20</damageAmountBase>
            <armorPenetrationBase>0.50</armorPenetrationBase>
            <speed>70</speed>
            <stoppingPower>2.0</stoppingPower>
        </projectile>
    </ThingDef>

    <!-- ============================ Halo Shotgun ========================== -->

    <ThingDef ParentName="BaseHumanMakeableGun">
        <defName>HUA_Gun_AdvancedShotgun</defName>
        <label>advanced shotgun</label>
        <description>An automatic advanced shotgun. It is even shorter-ranged than a typical shotgun, but is extraordinarily dangerous due to its damage output.</description>
        <techLevel>Spacer</techLevel>
        <graphicData>
            <texPath>Things/Item/Equipment/WeaponRanged/HaloShotgun</texPath>
            <graphicClass>Graphic_Single</graphicClass>
        </graphicData>
        <soundInteract>Interact_Shotgun</soundInteract>
        <statBases>
            <WorkToMake>48000</WorkToMake>
            <Mass>4.2</Mass>
            <AccuracyTouch>0.8</AccuracyTouch>
            <AccuracyShort>0.87</AccuracyShort>
            <AccuracyMedium>0.37</AccuracyMedium>
            <AccuracyLong>0.44</AccuracyLong>
            <RangedWeapon_Cooldown>1.58</RangedWeapon_Cooldown>
        </statBases>
        <recipeMaker>
            <researchPrerequisite>GasOperation</researchPrerequisite>
            <skillRequirements>
                <Crafting>6</Crafting>
            </skillRequirements>
            <recipeUsers Inherit="False">
                <li>FabricationBench</li>
            </recipeUsers>
        </recipeMaker>
        <thingSetMakerTags>
            <li>RewardStandardQualitySuper</li>
        </thingSetMakerTags>
        <costList>
            <Steel>75</Steel>
            <ComponentSpacer>6</ComponentSpacer>
        </costList>
        <weaponTags>
            <li>IndustrialGunAdvanced</li>
            <li>HUA_Gun</li>
        </weaponTags>
        <verbs>
            <li>
                <verbClass>Verb_Shoot</verbClass>
                <hasStandardCommand>true</hasStandardCommand>
                <defaultProjectile>HUA_Bullet_AdvancedShotgun</defaultProjectile>
                <warmupTime>1.5</warmupTime>
                <range>13.9</range>
                <soundCast>Shot_Shotgun</soundCast>
                <soundCastTail>GunTail_Heavy</soundCastTail>
                <muzzleFlashScale>9</muzzleFlashScale>
            </li>
        </verbs>
        <tools>
            <li>
                <label>stock</label>
                <capacities>
                    <li>Blunt</li>
                </capacities>
                <power>9</power>
                <cooldownTime>2</cooldownTime>
            </li>
            <li>
                <label>barrel</label>
                <capacities>
                    <li>Blunt</li>
                    <li>Poke</li>
                </capacities>
                <power>12</power>
                <cooldownTime>2</cooldownTime>
            </li>
        </tools>
    </ThingDef>

    <ThingDef ParentName="BaseBullet">
        <defName>HUA_Bullet_AdvancedShotgun</defName>
        <label>advanced shotgun blast</label>
        <graphicData>
            <texPath>Things/Projectile/Bullet_Shotgun</texPath>
            <graphicClass>Graphic_Single</graphicClass>
        </graphicData>
        <projectile>
            <damageDef>Bullet</damageDef>
            <damageAmountBase>25</damageAmountBase>
			<stoppingPower>3</stoppingPower>
            <armorPenetrationBase>0.25</armorPenetrationBase>
            <speed>55</speed>
        </projectile>
    </ThingDef>

    <!-- ============================ Halo Sniper ========================== -->

    <ThingDef ParentName="BaseHumanMakeableGun">
        <defName>HUA_Gun_AdvancedSniperRifle</defName>
        <label>advanced sniper rifle</label>
        <description>An advanced, gas-operated design of precision sniper rifle. It has an exceptionally long range, great accuracy and extreme power.</description>
        <techLevel>Spacer</techLevel>
        <graphicData>
            <texPath>Things/Item/Equipment/WeaponRanged/HaloSniper</texPath>
            <graphicClass>Graphic_Single</graphicClass>
        </graphicData>
        <soundInteract>Interact_Rifle</soundInteract>
        <statBases>
            <WorkToMake>48000</WorkToMake>
            <Mass>5.2</Mass>
            <AccuracyTouch>0.35</AccuracyTouch>
            <AccuracyShort>0.56</AccuracyShort>
            <AccuracyMedium>0.88</AccuracyMedium>
            <AccuracyLong>0.94</AccuracyLong>
            <RangedWeapon_Cooldown>2.9</RangedWeapon_Cooldown>
        </statBases>
        <equippedAngleOffset>45</equippedAngleOffset>
        <recipeMaker>
            <researchPrerequisite>PrecisionRifling</researchPrerequisite>
            <skillRequirements>
                <Crafting>8</Crafting>
            </skillRequirements>
            <recipeUsers Inherit="False">
                <li>FabricationBench</li>
            </recipeUsers>
        </recipeMaker>
        <thingSetMakerTags>
            <li>RewardStandardQualitySuper</li>
        </thingSetMakerTags>
        <costList>
            <Steel>100</Steel>
            <ComponentSpacer>8</ComponentSpacer>
        </costList>
        <weaponTags Inherit="False">
            <li>SniperRifle</li>
            <li>HUA_Gun</li>
        </weaponTags>
        <verbs>
            <li>
                <verbClass>Verb_Shoot</verbClass>
                <hasStandardCommand>true</hasStandardCommand>
                <defaultProjectile>HUA_Bullet_AdvancedSniperRifle</defaultProjectile>
                <warmupTime>4.5</warmupTime>
                <range>43.9</range>
                <soundCast>Shot_SniperRifle</soundCast>
                <soundCastTail>GunTail_Heavy</soundCastTail>
                <muzzleFlashScale>11</muzzleFlashScale>
            </li>
        </verbs>
        <tools>
            <li>
                <label>stock</label>
                <capacities>
                    <li>Blunt</li>
                </capacities>
                <power>9</power>
                <cooldownTime>2</cooldownTime>
            </li>
            <li>
                <label>barrel</label>
                <capacities>
                    <li>Blunt</li>
                    <li>Poke</li>
                </capacities>
                <power>12</power>
                <cooldownTime>2</cooldownTime>
            </li>
            <li>
                <label>grip</label>
                <capacities>
                    <li>Blunt</li>
                </capacities>
                <power>7</power>
                <cooldownTime>2</cooldownTime>
            </li>
        </tools>
    </ThingDef>

    <ThingDef ParentName="BaseBullet">
        <defName>HUA_Bullet_AdvancedSniperRifle</defName>
        <label>sniper rifle bullet</label>
        <graphicData>
            <texPath>Things/Projectile/Bullet_Big</texPath>
            <graphicClass>Graphic_Single</graphicClass>
        </graphicData>
        <projectile>
            <damageDef>Bullet</damageDef>
            <damageAmountBase>30</damageAmountBase>
            <armorPenetrationBase>0.50</armorPenetrationBase>
            <speed>100</speed>
            <stoppingPower>3</stoppingPower>
        </projectile>
    </ThingDef>

    <!-- ============================ Halo SAW ==========================

    <ThingDef ParentName="BaseHumanMakeableGun">
        <defName>HUA_Gun_AdvancedLMG</defName>
        <label>advanced LMG</label>
        <description>ph</description>
        <techLevel>Spacer</techLevel>
        <graphicData>
            <texPath>Things/Item/Equipment/WeaponRanged/HaloSaw</texPath>
            <graphicClass>Graphic_Single</graphicClass>
        </graphicData>
        <soundInteract>Interact_Rifle</soundInteract>
        <statBases>
            <WorkToMake>42000</WorkToMake>
            <Mass>8.2</Mass>
            <AccuracyTouch>0.43</AccuracyTouch>
            <AccuracyShort>0.52</AccuracyShort>
            <AccuracyMedium>0.35</AccuracyMedium>
            <AccuracyLong>0.25</AccuracyLong>
            <RangedWeapon_Cooldown>2.30</RangedWeapon_Cooldown>
        </statBases>
        <equippedAngleOffset>45</equippedAngleOffset>
        <recipeMaker>
            <researchPrerequisite>GasOperation</researchPrerequisite>
            <skillRequirements>
                <Crafting>8</Crafting>
            </skillRequirements>
            <recipeUsers Inherit="False">
                <li>FabricationBench</li>
            </recipeUsers>
        </recipeMaker>
        <thingSetMakerTags>
            <li>RewardStandardQualitySuper</li>
        </thingSetMakerTags>
        <costList>
            <Steel>100</Steel>
            <ComponentSpacer>8</ComponentSpacer>
        </costList>
        <weaponTags>
            <li>GunHeavy</li>
            <li>IndustrialGunAdvanced</li>
            <li>HUA_Gun</li>
        </weaponTags>
        <verbs>
            <li>
                <verbClass>Verb_Shoot</verbClass>
                <hasStandardCommand>true</hasStandardCommand>
                <defaultProjectile>HUA_Bullet_AdvancedLMG</defaultProjectile>
                <warmupTime>2.0</warmupTime>
                <range>23.9</range>
                <ticksBetweenBurstShots>6</ticksBetweenBurstShots>
                <burstShotCount>8</burstShotCount>
                <soundCast>Shot_Minigun</soundCast>
                <soundCastTail>GunTail_Medium</soundCastTail>
                <muzzleFlashScale>9</muzzleFlashScale>
            </li>
        </verbs>
        <tools>
            <li>
                <label>stock</label>
                <capacities>
                    <li>Blunt</li>
                </capacities>
                <power>9</power>
                <cooldownTime>2</cooldownTime>
            </li>
            <li>
                <label>barrel</label>
                <capacities>
                    <li>Blunt</li>
                    <li>Poke</li>
                </capacities>
                <power>12</power>
                <cooldownTime>2</cooldownTime>
            </li>
            <li>
                <label>drum</label>
                <capacities>
                    <li>Blunt</li>
                </capacities>
                <power>9</power>
                <cooldownTime>3</cooldownTime>
            </li>
        </tools>
    </ThingDef>

    <ThingDef ParentName="BaseBullet">
        <defName>HUA_Bullet_AdvancedLMG</defName>
        <label>advanced bullet</label>
        <graphicData>
            <texPath>Things/Projectile/Bullet_Small</texPath>
            <graphicClass>Graphic_Single</graphicClass>
        </graphicData>
        <projectile>
            <damageDef>Bullet</damageDef>
            <damageAmountBase>11</damageAmountBase>
            <armorPenetrationBase>0.1</armorPenetrationBase>
            <speed>50</speed>
        </projectile>
    </ThingDef> -->

</Defs>