﻿<?xml version="1.0" encoding="utf-8"?>
<Patch>

    <Operation Class="PatchOperationFindMod">
        <mods>
            <li>Vanilla Weapons Expanded - Laser</li>
        </mods>
        <match Class="PatchOperationAdd">
            <xpath>/Defs</xpath>
            <value>

                <!-- ====================== Halo Spartan Laser  ===================== -->

                <ThingDef ParentName="BaseLaserGun">
                    <defName>RUA_Gun_Anti-TankLaserRifle</defName>
                    <thingClass>VanillaWeaponsExpandedLaser.LaserGun</thingClass>
                    <label>heavy laser rifle</label>
                    <description>A heavy shoulder-mount ultratech sniper rifle capable of emitting a concentrated beam of light with enough power to melt through even the heaviest armour on small ships. \n\nBy using advanced battery cells, this weapon is capable of warming up, boosting the firing speed with each consecutive shot when standing still.\n\nThis weapon can overheat when fully warmed up, resulting in a small battery explosion around the user.</description>
                    <graphicData>
                        <texPath>Things/Item/Equipment/WeaponRanged/HaloSpartanLaser</texPath>
                        <graphicClass>Graphic_Single</graphicClass>
                    </graphicData>
                    <soundInteract>VWE_Interact_LaserGun</soundInteract>
                    <statBases>
                        <WorkToMake>120500</WorkToMake>
                        <MarketValue>3600</MarketValue>
                        <Mass>3.8</Mass>
                        <AccuracyTouch>0.64</AccuracyTouch>
                        <AccuracyShort>0.85</AccuracyShort>
                        <AccuracyMedium>0.92</AccuracyMedium>
                        <AccuracyLong>0.90</AccuracyLong>
                        <RangedWeapon_Cooldown>2.2</RangedWeapon_Cooldown>
                    </statBases>
					<equippedAngleOffset>45</equippedAngleOffset>
                    <costList>
                        <Steel>65</Steel>
                        <Plasteel>70</Plasteel>
                        <ComponentSpacer>8</ComponentSpacer>
                    </costList>
                    <recipeMaker>
                        <skillRequirements>
                            <Crafting>8</Crafting>
                        </skillRequirements>
                        <recipeUsers Inherit="False">
                            <li>FabricationBench</li>
                        </recipeUsers>
                        <unfinishedThingDef Inherit="False">UnfinishedGun</unfinishedThingDef>
                        <researchPrerequisite Inherit="False">VWE_UltratechLaserWeapons</researchPrerequisite>
                    </recipeMaker>
                    <techLevel>Ultra</techLevel>
                    <weaponTags Inherit="False">
                        <li>SpacerGun</li>
                        <li>LaserGun</li>
						<li>RUA_Gun</li>
                    </weaponTags>
                    <generateCommonality>0.1</generateCommonality>
                    <equippedStatOffsets>
                        <MoveSpeed>-0.15</MoveSpeed>
                    </equippedStatOffsets>
                    <verbs>
                        <li>
                            <verbClass>Verb_Shoot</verbClass>
                            <label>Standard</label>
                            <hasStandardCommand>true</hasStandardCommand>
                            <defaultProjectile>RUA_Bullet_Anti-TankLaserRifle</defaultProjectile>
                            <warmupTime>4.6</warmupTime>
                            <range>44.9</range>
                            <ticksBetweenBurstShots>10</ticksBetweenBurstShots>
                            <burstShotCount>1</burstShotCount>
                            <soundCast>VWE_LaserShot_Heavy</soundCast>
                            <soundCastTail>GunTail_Heavy</soundCastTail>
                            <muzzleFlashScale>14</muzzleFlashScale>
                            <targetParams>
                                <canTargetLocations>true</canTargetLocations>
                            </targetParams>
                        </li>
                    </verbs>
                    <comps>
                        <li Class="VanillaWeaponsExpandedLaser.CompProperties_LaserCapacitor">
                            <UiIconPath>UI/EnableWarmup/EnableWarmup</UiIconPath>
                            <WarmUpReductionPerShot>3.0</WarmUpReductionPerShot>
                            <Overheats>true</Overheats>
                            <OverheatDestroys>true</OverheatDestroys>
                            <OverheatBlastDamageDef>Burn</OverheatBlastDamageDef>
                            <OverheatBlastExtraDamage>12</OverheatBlastExtraDamage>
                            <OverheatBlastRadius>2.0</OverheatBlastRadius>
                            <OverheatChance>0.06</OverheatChance>
                            <OverheatMoteThrown>Mote_HeatGlow</OverheatMoteThrown>
                            <OverheatMoteSize>2</OverheatMoteSize>
                        </li>
                    </comps>
                    <tools>
                        <li>
                            <label>barrel</label>
                            <capacities>
                                <li>Blunt</li>
                            </capacities>
                            <power>5</power>
                            <cooldownTime>1.8</cooldownTime>
                        </li>
                        <li>
                            <label>grip</label>
                            <capacities>
                                <li>Blunt</li>
                            </capacities>
                            <power>6</power>
                            <cooldownTime>1.9</cooldownTime>
                        </li>
                    </tools>
                </ThingDef>

                <ThingDef ParentName="VWEL_Bullet_LaserGeneric" Class="VanillaWeaponsExpandedLaser.LaserBeamDef">
                    <defName>RUA_Bullet_Anti-TankLaserRifle</defName>
                    <label>precise laser shot</label>
                    <description>A focused, long range laser beam.</description>
                    <textures>
                        <li>Things/Projectile/Shot_LaserSniperRifle</li>
                    </textures>
                    <seam>0.1</seam>
                    <causefireChance>0.8</causefireChance>
                    <beamWidth>1.5</beamWidth>
                    <lifetime>240</lifetime>
                    <projectile>
                        <damageDef>Burn</damageDef>
                        <damageAmountBase>45</damageAmountBase>
                        <armorPenetrationBase>1</armorPenetrationBase>
                        <stoppingPower>3</stoppingPower>
                    </projectile>
                </ThingDef>

            </value>
        </match>
    </Operation>

</Patch>