<?xml version="1.0" encoding="utf-8"?>
<ModMetaData>

	<name>HALO: UNSC Armoury</name>
	<author>Helixien</author>
	<supportedVersions>
		<li>1.2</li>
		<li>1.3</li>
	</supportedVersions>
	<url>https://steamcommunity.com/sharedfiles/filedetails/?id=2287902429</url>
	<packageId>HLX.RimworldUNSCArmoury</packageId>
	<description>Check the workshop page for information.</description>
	<loadAfter>
		<li>brrainz.harmony</li>
		<li>Ludeon.RimWorld</li>
		<li>Ludeon.RimWorld.Royalty</li>
		<li>Ludeon.RimWorld.Ideology</li>
	</loadAfter>

</ModMetaData>